id,first_name,country,age,gender
1,Nicholas,Honduras,43,M
2,Mildred,Indonesia,31,F
3,Catherine,Malaysia,33,F
4,Juan,China,21,M
5,Christopher,Indonesia,73,M
6,Bruce,Czech Republic,34,M
7,Patricia,Indonesia,45,F
8,Barbara,Philippines,68,F
9,Sandra,Belarus,58,F
10,Katherine,Thailand,54,F
11,Howard,Philippines,76,M
12,Chris,China,43,M
13,John,Philippines,30,M
14,Laura,Poland,54,F
15,Debra,France,30,F
16,Christina,Thailand,55,F
17,Gloria,France,29,F
18,Maria,Madagascar,48,F
19,Scott,Philippines,24,M
20,Paula,Thailand,72,F
21,Christopher,Tajikistan,37,M
22,Ryan,Peru,73,M
23,Anne,Ukraine,76,F
24,Charles,South Africa,23,M
25,Emily,China,44,F
26,Deborah,China,37,F
27,Jack,Yemen,78,M
28,Matthew,China,38,M
29,Janice,Brazil,21,F
30,Maria,Philippines,52,F
31,Justin,Philippines,78,M
32,Ryan,United States,38,M
33,David,Poland,30,M
34,Margaret,Albania,72,F
35,Kenneth,Indonesia,70,M
36,Ashley,France,25,F
37,Judy,China,25,F
38,Sarah,Bulgaria,34,F
39,Sarah,Greece,66,F
40,Susan,China,32,F
41,Gregory,France,25,M
42,Alice,Mexico,60,F
43,Jessica,Honduras,64,F
44,Jason,Ukraine,30,M
45,Susan,United States,61,F
46,Sarah,Brazil,20,F
47,Helen,Czech Republic,47,F
48,Ryan,China,54,M
49,Maria,Pakistan,72,F
50,Todd,Albania,43,M
51,Philip,Philippines,43,M
52,Christina,China,72,F
53,Eric,China,78,M
54,Louis,China,69,M
55,Nicholas,Poland,24,M
56,Christine,Indonesia,35,F
57,Frances,Indonesia,57,F
58,Evelyn,Kazakhstan,33,F
59,Christina,Sweden,62,F
60,Irene,Indonesia,28,F
61,Peter,China,49,M
62,Benjamin,China,39,M
63,Douglas,China,66,M
64,Patricia,Russia,45,F
65,Kenneth,China,44,M
66,Julie,China,80,F
67,Eugene,Armenia,39,M
68,Helen,Costa Rica,58,F
69,Cynthia,Argentina,36,F
70,Michelle,Ukraine,20,F
71,Arthur,Indonesia,41,M
72,Gary,China,48,M
73,Carolyn,Japan,42,F
74,Carl,China,67,M
75,Heather,Afghanistan,70,F
76,Karen,China,30,F
77,Doris,Armenia,63,F
78,Benjamin,Finland,39,M
79,Michael,Colombia,53,M
80,Betty,China,59,F
81,Katherine,Lesotho,65,F
82,Norma,France,49,F
83,Pamela,China,59,F
84,Barbara,Poland,58,F
85,Ann,Indonesia,34,F
86,Lawrence,Sweden,50,M
87,Wayne,Peru,52,M
88,Tammy,Bahrain,41,F
89,Barbara,Greece,28,F
90,William,Portugal,56,M
91,Wanda,Afghanistan,80,F
92,Doris,Nigeria,60,F
93,Susan,China,76,F
94,Henry,Philippines,68,M
95,Jane,Philippines,25,F
96,Melissa,Sweden,48,F
97,Karen,Ethiopia,20,F
98,Betty,Democratic Republic of the Congo,29,F
99,George,Indonesia,44,M
100,Kathryn,United States,50,F
101,David,China,50,M
102,George,Russia,22,M
103,Roger,China,60,M
104,Helen,Japan,50,F
105,Jack,Canada,80,M
106,Shirley,Thailand,50,F
107,Kathryn,Slovenia,55,F
108,Frank,Togo,66,M
109,Barbara,Poland,35,F
110,Douglas,Philippines,25,M
111,Kathryn,Poland,52,F
112,Mark,Jamaica,73,M
113,Thomas,New Caledonia,42,M
114,Amanda,Serbia,30,F
115,Pamela,Canada,37,F
116,Melissa,Sweden,43,F
117,Nicole,Brazil,32,F
118,Lillian,Russia,45,F
119,John,Sweden,32,M
120,George,France,42,M
121,Jean,Greece,71,F
122,Marie,China,20,F
123,Norma,Japan,46,F
124,Evelyn,China,79,F
125,Scott,Philippines,27,M
126,Karen,Portugal,33,F
127,Norma,China,53,F
128,Shawn,China,45,M
129,Paul,China,35,M
130,Aaron,Portugal,58,M
131,Nicholas,Portugal,44,M
132,Cheryl,Philippines,20,F
133,Jacqueline,France,28,F
134,Amanda,Kosovo,24,F
135,Sarah,Indonesia,29,F
136,Kathleen,Russia,68,F
137,Christopher,China,73,M
138,Barbara,Tanzania,46,F
139,Eric,Portugal,72,M
140,John,Botswana,45,M
141,Sandra,Tanzania,23,F
142,Adam,Japan,26,M
143,Stephanie,China,51,F
144,Alice,China,61,F
145,Kimberly,Belarus,78,F
146,Scott,Serbia,76,M
147,Dennis,Russia,55,M
148,Larry,East Timor,53,M
149,Donna,Ireland,53,F
150,Edward,China,39,M
151,Margaret,Indonesia,60,F
152,Mildred,Sweden,80,F
153,Cheryl,South Korea,46,F
154,Jimmy,North Korea,61,M
155,Margaret,China,61,F
156,Steven,Indonesia,23,M
157,Betty,China,80,F
158,Evelyn,China,67,F
159,Karen,Poland,65,F
160,David,Indonesia,43,M
161,Arthur,Philippines,52,M
162,Jennifer,Japan,67,F
163,Fred,Indonesia,43,M
164,Steve,Brazil,70,M
165,Patricia,China,34,F
166,Helen,Poland,69,F
167,Gloria,Russia,66,F
168,George,China,33,M
169,Kimberly,Philippines,80,F
170,Debra,Palestinian Territory,68,F
171,Joyce,Brazil,42,F
172,Denise,Brazil,77,F
173,Janice,China,53,F
174,Patricia,Russia,66,F
175,Robin,Indonesia,74,F
176,Denise,Ukraine,30,F
177,Donna,Bolivia,52,F
178,Lawrence,Russia,30,M
179,Andrew,Poland,59,M
180,Sarah,Canada,20,F
181,Karen,Philippines,26,F
182,Jerry,Portugal,48,M
183,Arthur,Czech Republic,45,M
184,Catherine,Thailand,74,F
185,Doris,Brazil,52,F
186,Andrea,China,62,F
187,Willie,Guatemala,46,M
188,Michael,Sweden,79,M
189,Lori,Mali,77,F
190,Philip,Aland Islands,44,M
191,Carol,China,64,F
192,Ronald,Venezuela,59,M
193,Robin,Bolivia,29,F
194,Angela,Brazil,37,F
195,Benjamin,Uruguay,48,M
196,Dennis,Indonesia,78,M
197,Theresa,Brazil,38,F
198,Russell,Indonesia,66,M
199,Jesse,Philippines,50,M
200,Antonio,Mauritius,71,M
201,Anne,Yemen,75,F
202,Carlos,Indonesia,46,M
203,Craig,Brazil,30,M
204,Marie,Comoros,72,F
205,Marilyn,Philippines,45,F
206,Gloria,Portugal,47,F
207,Amanda,Venezuela,51,F
208,Juan,Georgia,72,M
209,Joshua,Thailand,23,M
210,Melissa,China,52,F
211,Paula,Indonesia,40,F
212,Amy,Thailand,76,F
213,Judith,China,26,F
214,Antonio,Indonesia,66,M
215,Frank,Indonesia,68,M
216,Martha,Pakistan,58,F
217,Shirley,Indonesia,75,F
218,Heather,China,49,F
219,George,Colombia,46,M
220,Kenneth,Poland,40,M
221,Emily,Czech Republic,20,F
222,Andrew,China,45,M
223,Thomas,Guyana,49,M
224,Kathleen,Iran,41,F
225,Michelle,Palestinian Territory,48,F
226,James,Brazil,77,M
227,Stephen,Brazil,65,M
228,Ryan,Norway,67,M
229,Ashley,Russia,40,F
230,Amanda,Ireland,37,F
231,Lori,Italy,28,F
232,Kimberly,Czech Republic,23,F
233,Lillian,Brazil,29,F
234,Catherine,Indonesia,30,F
235,Norma,China,38,F
236,Janet,Indonesia,64,F
237,Louise,Albania,20,F
238,Ernest,Indonesia,56,M
239,Louis,Russia,30,M
240,Jacqueline,China,22,F
241,Diana,China,45,F
242,James,Croatia,60,M
243,Ernest,France,77,M
244,Jack,Morocco,30,M
245,Joyce,Colombia,66,F
246,Earl,Malaysia,62,M
247,Diana,Indonesia,49,F
248,Ruth,Portugal,64,F
249,Jennifer,Indonesia,32,F
250,Jeremy,Indonesia,22,M
251,Justin,Czech Republic,67,M
252,Andrea,Indonesia,38,F
253,Phillip,Greece,66,M
254,Carl,Sweden,76,M
255,Catherine,Bulgaria,71,F
256,Sharon,Portugal,52,F
257,Justin,Russia,64,M
258,Stephen,China,71,M
259,Jeffrey,Azerbaijan,39,M
260,Sarah,South Korea,71,F
261,Teresa,China,54,F
262,Alan,Ivory Coast,32,M
263,Alice,Serbia,80,F
264,Jesse,Qatar,22,M
265,Gerald,Canada,68,M
266,Bobby,United States,48,M
267,Rebecca,Kazakhstan,72,F
268,Anne,China,61,F
269,Beverly,Malaysia,62,F
270,Joe,Philippines,42,M
271,Raymond,France,72,M
272,Edward,Kuwait,48,M
273,Aaron,Ireland,76,M
274,Melissa,Indonesia,53,F
275,Jonathan,Mongolia,51,M
276,Billy,Philippines,25,M
277,Emily,Mexico,71,F
278,Rebecca,France,36,F
279,Harry,Egypt,72,M
280,Lois,China,41,F
281,Roy,Honduras,55,M
282,Eugene,Namibia,39,M
283,Jennifer,Russia,22,F
284,Terry,Indonesia,74,M
285,Michelle,China,46,F
286,Sarah,Argentina,33,F
287,Debra,Sweden,30,F
288,Margaret,Indonesia,36,F
289,Antonio,France,27,M
290,Virginia,China,74,F
291,Christine,Sweden,55,F
292,Larry,China,23,M
293,Harry,United Kingdom,50,M
294,Charles,China,56,M
295,Donna,China,72,F
296,Mary,Portugal,21,F
297,Earl,Afghanistan,30,M
298,Edward,Russia,21,M
299,Marilyn,Greece,29,F
300,Heather,Colombia,57,F
301,Alan,Vietnam,30,M
302,Chris,Russia,54,M
303,Denise,Poland,77,F
304,Betty,Poland,37,F
305,Carl,Azerbaijan,61,M
306,Pamela,United States,77,F
307,Walter,Brazil,21,M
308,Earl,Sweden,21,M
309,Rebecca,Sweden,20,F
310,Lois,Argentina,65,F
311,Ruby,France,62,F
312,Daniel,Portugal,71,M
313,Paul,Pakistan,26,M
314,Willie,China,53,M
315,Joyce,Sweden,33,F
316,Donna,Indonesia,58,F
317,Elizabeth,Dominica,55,F
318,Melissa,China,43,F
319,Mary,Serbia,42,F
320,Karen,China,37,F
321,Arthur,Indonesia,73,M
322,Marie,Portugal,72,F
323,Kelly,China,65,F
324,Anne,Sudan,77,F
325,Anne,Poland,79,F
326,Nicholas,Serbia,53,M
327,Sharon,Chile,32,F
328,Steve,Estonia,30,M
329,Jean,China,60,F
330,Cynthia,Thailand,28,F
331,Denise,Chile,28,F
332,Charles,Georgia,59,M
333,Kathryn,United States,65,F
334,Jonathan,China,72,M
335,Jane,China,42,F
336,Bonnie,Poland,32,F
337,Amy,United States,76,F
338,Craig,China,76,M
339,Mary,Indonesia,55,F
340,Mary,Canada,27,F
341,Virginia,Iran,63,F
342,Jack,Belarus,40,M
343,Jessica,Indonesia,53,F
344,Joyce,Lebanon,28,F
345,Norma,Peru,28,F
346,Norma,Ireland,53,F
347,Jessica,Japan,49,F
348,Victor,China,59,M
349,Mark,China,75,M
350,Samuel,Bolivia,26,M
351,Todd,Indonesia,31,M
352,Donald,Russia,35,M
353,John,Canada,52,M
354,Raymond,Brazil,66,M
355,Norma,Syria,61,F
356,Justin,Russia,64,M
357,Walter,Indonesia,20,M
358,Marie,Brazil,31,F
359,Phyllis,Nigeria,66,F
360,Andrea,Japan,40,F
361,Amy,Spain,79,F
362,Steve,China,37,M
363,Theresa,Indonesia,77,F
364,Nicole,China,46,F
365,Virginia,Denmark,30,F
366,Martin,Indonesia,40,M
367,Melissa,China,27,F
368,Mildred,China,79,F
369,Earl,Poland,27,M
370,Alice,Indonesia,62,F
371,Jeffrey,Equatorial Guinea,53,M
372,Frank,Brazil,36,M
373,Bonnie,China,66,F
374,Catherine,Thailand,27,F
375,Keith,China,33,M
376,Irene,Portugal,67,F
377,Timothy,China,38,M
378,Aaron,Brazil,49,M
379,Sean,Comoros,34,M
380,Russell,United States,80,M
381,Irene,United States,32,F
382,John,Sweden,49,M
383,Michelle,China,34,F
384,Jason,Indonesia,43,M
385,Tina,Bulgaria,21,F
386,Janice,Indonesia,66,F
387,David,Philippines,51,M
388,Brandon,Poland,70,M
389,Tammy,France,80,F
390,Kenneth,China,69,M
391,Sarah,China,28,F
392,Ernest,Brazil,68,M
393,Kenneth,Russia,79,M
394,Terry,Russia,42,M
395,Judy,Brazil,76,F
396,Christine,China,71,F
397,Janet,Philippines,57,F
398,Henry,France,49,M
399,Cheryl,Indonesia,57,F
400,Barbara,Brazil,80,F
401,William,Niger,30,M
402,Alice,Indonesia,56,F
403,Norma,China,51,F
404,Stephanie,Poland,62,F
405,Teresa,China,28,F
406,James,Russia,68,M
407,Sean,Brazil,33,M
408,Margaret,Japan,57,F
409,Victor,Venezuela,79,M
410,Douglas,Japan,35,M
411,Edward,Philippines,47,M
412,Mark,Yemen,56,M
413,Virginia,Poland,25,F
414,Brian,Chad,42,M
415,Jessica,Portugal,39,F
416,Marilyn,Chad,78,F
417,Amy,Lithuania,38,F
418,Jeremy,Japan,56,M
419,Douglas,China,50,M
420,Joseph,China,34,M
421,Juan,Brazil,58,M
422,Louis,Cameroon,32,M
423,Terry,Russia,46,M
424,Jeffrey,Tanzania,60,M
425,Bruce,Azerbaijan,33,M
426,Carol,Indonesia,43,F
427,Scott,China,26,M
428,Rachel,Jordan,65,F
429,Harold,Myanmar,64,M
430,Lillian,China,23,F
431,Fred,Indonesia,78,M
432,David,Philippines,47,M
433,Nicole,Thailand,22,F
434,William,Israel,59,M
435,Antonio,Indonesia,52,M
436,Jessica,Thailand,61,F
437,Carol,Portugal,63,F
438,Lisa,Indonesia,78,F
439,George,Canada,66,M
440,John,China,51,M
441,Sarah,Peru,59,F
442,Karen,France,47,F
443,Paula,Nigeria,71,F
444,Howard,China,67,M
445,Donna,Morocco,77,F
446,Michelle,Pakistan,56,F
447,Cheryl,Uganda,20,F
448,Todd,Mexico,54,M
449,Walter,Indonesia,71,M
450,Russell,Canada,62,M
451,Amanda,Brazil,58,F
452,Bonnie,Vietnam,80,F
453,Nancy,Argentina,40,F
454,Willie,China,66,M
455,Jennifer,Russia,46,F
456,Robin,Nigeria,73,F
457,Chris,Argentina,53,M
458,Albert,Indonesia,47,M
459,Robin,Poland,42,F
460,Dennis,Poland,41,M
461,Ryan,France,48,M
462,Timothy,Indonesia,51,M
463,Irene,Philippines,42,F
464,Matthew,France,34,M
465,Rose,Poland,50,F
466,Sandra,Djibouti,24,F
467,Samuel,Macedonia,25,M
468,Jacqueline,Portugal,31,F
469,Juan,Turkmenistan,75,M
470,Stephanie,Japan,62,F
471,Chris,China,73,M
472,Ronald,Sri Lanka,20,M
473,Robert,China,45,M
474,Mildred,Peru,34,F
475,Stephanie,Russia,62,F
476,Paul,Japan,23,M
477,George,Norway,26,M
478,Ernest,Luxembourg,30,M
479,Katherine,Indonesia,44,F
480,Frank,Russia,78,M
481,Shawn,Nigeria,53,M
482,Michael,France,60,M
483,Steve,Indonesia,61,M
484,Jennifer,Azerbaijan,67,F
485,Gerald,Indonesia,77,M
486,Joan,Russia,20,F
487,Albert,Martinique,54,M
488,Deborah,Poland,72,F
489,Kathryn,France,59,F
490,Susan,France,25,F
491,Willie,Afghanistan,26,M
492,Willie,Poland,60,M
493,Jason,Sweden,42,M
494,Rose,Ukraine,25,F
495,Rachel,Russia,69,F
496,Eric,Colombia,24,M
497,Carlos,Canada,31,M
498,Walter,Bolivia,67,M
499,Lillian,China,57,F
500,Evelyn,Sweden,38,F
501,Cheryl,Honduras,51,F
502,Sean,Philippines,76,M
503,Arthur,China,63,M
504,Debra,Portugal,63,F
505,Paul,Greece,79,M
506,Marilyn,Central African Republic,55,F
507,Beverly,Croatia,56,F
508,Fred,Pakistan,60,M
509,Carolyn,China,31,F
510,Lawrence,Sweden,69,M
511,Elizabeth,China,44,F
512,Victor,Nigeria,54,M
513,Judy,Philippines,69,F
514,Jonathan,France,45,M
515,Diane,China,23,F
516,Bobby,France,23,M
517,Roy,Philippines,33,M
518,Sara,Colombia,61,F
519,Peter,China,45,M
520,Frank,Canada,43,M
521,Harold,Czech Republic,67,M
522,Aaron,Indonesia,51,M
523,Donna,Micronesia,28,F
524,Roy,Brazil,31,M
525,Paul,China,45,M
526,Deborah,China,49,F
527,Anthony,China,28,M
528,Jerry,France,22,M
529,Raymond,Solomon Islands,64,M
530,Robert,Indonesia,52,M
531,Benjamin,South Korea,46,M
532,Kelly,Germany,43,F
533,Brenda,Nigeria,49,F
534,Alice,Thailand,26,F
535,Adam,China,40,M
536,Daniel,Dominican Republic,49,M
537,Julia,Vietnam,55,F
538,Jessica,France,36,F
539,Sarah,Portugal,26,F
540,Bobby,Ethiopia,25,M
541,Ruth,Cyprus,48,F
542,Chris,Thailand,22,M
543,Jessica,Brazil,30,F
544,Anna,Norway,79,F
545,Denise,Ireland,24,F
546,Philip,Portugal,26,M
547,Christine,Indonesia,59,F
548,Steve,China,53,M
549,William,Japan,37,M
550,Kathleen,Tunisia,63,F
551,Kelly,Uzbekistan,79,F
552,Eugene,Zimbabwe,39,M
553,Judith,Argentina,69,F
554,Martin,Jordan,22,M
555,Thomas,Dominican Republic,43,M
556,Emily,Ukraine,23,F
557,Gerald,China,31,M
558,Roger,Portugal,40,M
559,Rachel,China,66,F
560,Wayne,Nigeria,72,M
561,Sandra,El Salvador,29,F
562,Jane,Canada,56,F
563,Jessica,Libya,61,F
564,Judith,Colombia,32,F
565,Charles,Norway,57,M
566,Rebecca,Poland,24,F
567,Katherine,Indonesia,57,F
568,Christina,Myanmar,24,F
569,Katherine,Venezuela,76,F
570,Anne,China,79,F
571,Angela,Russia,74,F
572,Aaron,Malaysia,32,M
573,Pamela,Thailand,53,F
574,Irene,Indonesia,34,F
575,Jerry,Poland,25,M
576,Ronald,Philippines,66,M
577,Jennifer,Philippines,39,F
578,Rose,Czech Republic,21,F
579,Sarah,Georgia,39,F
580,Brenda,Portugal,49,F
581,Laura,Palestinian Territory,23,F
582,Jeffrey,Cuba,55,M
583,Alice,Portugal,54,F
584,Jesse,China,74,M
585,Jessica,France,48,F
586,Amy,China,49,F
587,Ralph,Indonesia,38,M
588,Thomas,Senegal,29,M
589,Andrea,Portugal,34,F
590,Sandra,Myanmar,59,F
591,Nicole,Philippines,28,F
592,Deborah,Russia,28,F
593,Mary,Indonesia,62,F
594,Henry,China,24,M
595,Frances,Bahamas,56,F
596,Thomas,Afghanistan,72,M
597,Mildred,Russia,44,F
598,Pamela,Indonesia,64,F
599,Jose,Peru,56,M
600,Antonio,Tajikistan,70,M
601,Ernest,China,27,M
602,Julia,Czech Republic,65,F
603,Ann,Indonesia,28,F
604,Brian,China,31,M
605,Ralph,United States,73,M
606,Ruth,Indonesia,79,F
607,Amy,China,34,F
608,Jason,Finland,58,M
609,Michael,Portugal,43,M
610,Steve,Egypt,42,M
611,James,China,44,M
612,Samuel,Bangladesh,67,M
613,Jane,China,43,F
614,Timothy,Saudi Arabia,25,M
615,Albert,Brazil,26,M
616,Judy,Philippines,32,F
617,Virginia,China,76,F
618,Ronald,China,63,M
619,Christopher,Uzbekistan,26,M
620,Nicole,Russia,47,F
621,Karen,Yemen,69,F
622,Jimmy,Indonesia,28,M
623,Matthew,China,75,M
624,Annie,United States,48,F
625,Ernest,Gambia,49,M
626,Willie,Cuba,22,M
627,Cheryl,Peru,62,F
628,Amy,Philippines,37,F
629,William,China,65,M
630,Gerald,Canada,48,M
631,Marie,Indonesia,72,F
632,Joe,China,46,M
633,Wanda,Japan,35,F
634,Harry,Indonesia,29,M
635,Bonnie,Cameroon,26,F
636,Mildred,Indonesia,69,F
637,Maria,Albania,73,F
638,Jesse,Indonesia,78,M
639,Joan,China,22,F
640,Gerald,Indonesia,41,M
641,Angela,Philippines,21,F
642,Lori,Indonesia,48,F
643,Martha,Poland,55,F
644,Melissa,Costa Rica,57,F
645,Wayne,Indonesia,48,M
646,Lori,China,28,F
647,Martin,Albania,22,M
648,Albert,China,60,M
649,Rose,Slovenia,40,F
650,Lisa,Netherlands,72,F
651,Carolyn,China,31,F
652,Joyce,Croatia,79,F
653,Rachel,Canada,36,F
654,Judy,Poland,22,F
655,Kathy,China,47,F
656,Carlos,Russia,59,M
657,Linda,Sweden,33,F
658,Michelle,Poland,21,F
659,Linda,Japan,53,F
660,Sandra,Kenya,57,F
661,Debra,Cameroon,21,F
662,Jeremy,Sri Lanka,53,M
663,James,Philippines,42,M
664,Ronald,Kazakhstan,70,M
665,Louis,Serbia,73,M
666,James,Ukraine,49,M
667,Edward,United States,62,M
668,Lori,Russia,64,F
669,Dennis,France,50,M
670,Harold,Brazil,76,M
671,Gerald,Jamaica,57,M
672,Harold,Sri Lanka,59,M
673,Diana,Nigeria,21,F
674,Teresa,Indonesia,77,F
675,Ronald,Philippines,53,M
676,Nancy,Indonesia,43,F
677,Jacqueline,China,41,F
678,Karen,Indonesia,80,F
679,Sean,Uzbekistan,55,M
680,Edward,Latvia,55,M
681,Harry,China,63,M
682,Louise,Malaysia,27,F
683,Cynthia,Bulgaria,21,F
684,Marilyn,Nicaragua,25,F
685,Douglas,China,67,M
686,Randy,Argentina,54,M
687,Johnny,Russia,44,M
688,Janice,Philippines,26,F
689,Michael,France,31,M
690,Linda,China,60,F
691,Michael,Czech Republic,25,M
692,Jimmy,Portugal,35,M
693,Nicole,Philippines,40,F
694,Thomas,Indonesia,65,M
695,Juan,Ukraine,74,M
696,Anthony,Mexico,20,M
697,Edward,Russia,80,M
698,Sara,Indonesia,22,F
699,Jacqueline,Ukraine,68,F
700,Kimberly,China,72,F
701,Evelyn,Colombia,61,F
702,Sandra,Macedonia,76,F
703,Matthew,Philippines,29,M
704,Albert,Russia,21,M
705,Christopher,Ukraine,49,M
706,Stephanie,Montenegro,27,F
707,Paul,Poland,36,M
708,Brandon,Vietnam,54,M
709,Robert,Mexico,51,M
710,Gloria,China,73,F
711,Jessica,China,44,F
712,Amy,Poland,49,F
713,Brian,China,41,M
714,Roy,Cyprus,53,M
715,Melissa,Canada,63,F
716,Carl,Indonesia,28,M
717,Ann,Russia,71,F
718,Ronald,Japan,62,M
719,Nicholas,Greece,51,M
720,Cheryl,Georgia,55,F
721,Clarence,Poland,59,M
722,Philip,China,60,M
723,Irene,Peru,73,F
724,Wayne,Japan,72,M
725,Henry,Poland,32,M
726,Patrick,Russia,22,M
727,Joseph,Portugal,21,M
728,Nicole,China,69,F
729,Jacqueline,United Kingdom,80,F
730,Jason,Russia,68,M
731,Bobby,Japan,61,M
732,Carolyn,China,40,F
733,Andrew,Brazil,25,M
734,Donna,China,28,F
735,Terry,China,78,M
736,Christopher,Madagascar,28,M
737,Ann,Latvia,44,F
738,Frances,China,21,F
739,Ruth,France,65,F
740,Jason,Ukraine,36,M
741,Douglas,China,59,M
742,Heather,Croatia,73,F
743,Donald,Cameroon,48,M
744,Janet,China,71,F
745,Clarence,Finland,50,M
746,Thomas,Brazil,31,M
747,James,Brazil,45,M
748,Laura,Poland,66,F
749,Eric,Philippines,46,M
750,Thomas,China,43,M
751,Richard,Laos,42,M
752,Jesse,Samoa,52,M
753,Timothy,Philippines,62,M
754,Tina,Indonesia,68,F
755,Bobby,Portugal,54,M
756,Brenda,Brazil,67,F
757,Douglas,Poland,27,M
758,Adam,Philippines,28,M
759,James,Mexico,73,M
760,Joshua,China,74,M
761,Donna,Portugal,60,F
762,Virginia,Philippines,41,F
763,Andrew,Argentina,71,M
764,Irene,Philippines,57,F
765,Theresa,Canada,24,F
766,Christopher,South Korea,26,M
767,Louis,Japan,69,M
768,Johnny,China,50,M
769,Christina,Portugal,29,F
770,Martin,Indonesia,78,M
771,Anna,Ecuador,35,F
772,Cheryl,Ukraine,60,F
773,Kenneth,Cuba,52,M
774,Theresa,China,74,F
775,Ann,Russia,22,F
776,Catherine,Indonesia,22,F
777,Gregory,China,72,M
778,Gregory,Ukraine,40,M
779,Douglas,Pakistan,21,M
780,Jeremy,China,59,M
781,Timothy,Philippines,21,M
782,Michelle,Brazil,50,F
783,Helen,Russia,76,F
784,Ashley,Indonesia,71,F
785,Brenda,Russia,65,F
786,Debra,Morocco,75,F
787,Walter,Tanzania,37,M
788,Eric,Bangladesh,45,M
789,Russell,Estonia,76,M
790,Mark,China,58,M
791,Steven,Norway,41,M
792,Michael,Poland,45,M
793,Andrew,Indonesia,70,M
794,Anthony,Russia,64,M
795,Johnny,France,21,M
796,Raymond,Ukraine,55,M
797,Roy,China,25,M
798,Andrew,China,50,M
799,Dennis,Portugal,80,M
800,Marilyn,China,33,F
801,Russell,Brazil,48,M
802,Gloria,China,70,F
803,Carol,Cuba,25,F
804,Evelyn,Argentina,29,F
805,Brian,Indonesia,53,M
806,Nancy,Kiribati,21,F
807,Wayne,Indonesia,22,M
808,Ralph,Portugal,45,M
809,Donald,Japan,52,M
810,Fred,Russia,54,M
811,Roy,China,36,M
812,Paul,Philippines,70,M
813,Wanda,Philippines,38,F
814,Timothy,Russia,65,M
815,Diana,China,46,F
816,Marilyn,United States,47,F
817,Bobby,El Salvador,71,M
818,Pamela,Sweden,44,F
819,Earl,France,37,M
820,Sandra,France,30,F
821,Chris,China,43,M
822,Norma,Croatia,32,F
823,Ashley,Brunei,62,F
824,Benjamin,Egypt,74,M
825,Paul,China,57,M
826,Edward,Morocco,57,M
827,Bruce,Russia,47,M
828,Melissa,Indonesia,30,F
829,Samuel,China,49,M
830,Shawn,Poland,63,M
831,Henry,Poland,53,M
832,Stephanie,Sweden,45,F
833,Albert,Indonesia,63,M
834,Elizabeth,Portugal,58,F
835,Juan,Indonesia,44,M
836,Wayne,Venezuela,65,M
837,Alice,Sweden,44,F
838,Elizabeth,Canada,76,F
839,Ernest,Thailand,24,M
840,Andrea,China,30,F
841,Kelly,Egypt,66,F
842,James,Germany,51,M
843,Michael,Indonesia,52,M
844,Cheryl,Argentina,54,F
845,Joe,Japan,79,M
846,Ronald,South Africa,72,M
847,Ruth,Poland,55,F
848,Antonio,China,45,M
849,Debra,Indonesia,39,F
850,Martha,France,27,F
851,Samuel,United States,50,M
852,Christina,Luxembourg,25,F
853,Samuel,Mexico,61,M
854,Keith,Vietnam,64,M
855,Anne,Indonesia,62,F
856,Jane,Poland,29,F
857,Amanda,Poland,78,F
858,Willie,Brazil,54,M
859,Melissa,China,20,F
860,Jacqueline,Vietnam,59,F
861,Virginia,Cambodia,42,F
862,Bobby,Philippines,53,M
863,Marie,Portugal,20,F
864,Kathleen,China,28,F
865,Andrea,Indonesia,61,F
866,Heather,Ukraine,71,F
867,Kevin,Portugal,79,M
868,Pamela,Argentina,28,F
869,Richard,Brazil,52,M
870,Catherine,Japan,56,F
871,William,China,57,M
872,Gary,Poland,55,M
873,Amy,China,21,F
874,Janice,Jordan,20,F
875,Maria,Philippines,52,F
876,Sara,Brazil,73,F
877,Jessica,China,21,F
878,Kevin,Nigeria,75,M
879,Earl,Syria,24,M
880,Norma,Costa Rica,71,F
881,Deborah,China,40,F
882,Earl,China,46,M
883,Anthony,Indonesia,43,M
884,Martha,China,70,F
885,Eugene,Russia,62,M
886,Ralph,Philippines,41,M
887,Jeremy,Cuba,29,M
888,Rachel,Palestinian Territory,39,F
889,Elizabeth,Philippines,35,F
890,Elizabeth,Croatia,72,F
891,Carl,Thailand,76,M
892,Donna,Brazil,46,F
893,Gregory,Greece,27,M
894,Joe,Japan,38,M
895,Ruby,Philippines,69,F
896,Jeremy,Slovenia,66,M
897,Howard,Latvia,60,M
898,Arthur,China,45,M
899,Billy,Sweden,62,M
900,Rachel,Indonesia,74,F
901,Eugene,Indonesia,22,M
902,Antonio,Poland,46,M
903,Justin,Portugal,27,M
904,Billy,Uzbekistan,37,M
905,Amanda,Macedonia,61,F
906,Ronald,Russia,32,M
907,Lois,Thailand,47,F
908,Irene,Norway,59,F
909,Keith,Portugal,29,M
910,Joan,Sweden,60,F
911,Lisa,Sweden,68,F
912,Debra,Cuba,32,F
913,Ronald,Greece,52,M
914,Judy,Portugal,61,F
915,Irene,Brazil,49,F
916,Ann,China,46,F
917,Jimmy,Thailand,58,M
918,Debra,Indonesia,52,F
919,George,Iceland,26,M
920,Beverly,Philippines,46,F
921,Jane,Kazakhstan,67,F
922,Jonathan,Indonesia,20,M
923,Craig,Philippines,47,M
924,Evelyn,Djibouti,49,F
925,Frank,Tunisia,53,M
926,Kathleen,South Africa,73,F
927,Willie,Benin,45,M
928,Christina,Dominican Republic,56,F
929,Edward,United States,77,M
930,James,Sweden,60,M
931,Julie,Malaysia,67,F
932,Teresa,China,69,F
933,Brenda,China,70,F
934,Barbara,China,64,F
935,Steven,China,64,M
936,Benjamin,China,70,M
937,Carl,Iran,68,M
938,Mildred,China,53,F
939,Anthony,Kenya,35,M
940,Sarah,Malaysia,22,F
941,Paula,Indonesia,60,F
942,Douglas,Poland,23,M
943,Kevin,Indonesia,77,M
944,Keith,Poland,46,M
945,Patrick,Peru,52,M
946,Annie,Chile,43,F
947,Antonio,Serbia,44,M
948,Lori,France,44,F
949,Bobby,Finland,22,M
950,Linda,United States,46,F
951,Judy,France,45,F
952,Phillip,China,80,M
953,Joe,China,80,M
954,Theresa,France,78,F
955,Lawrence,Indonesia,54,M
956,Jason,China,39,M
957,Harry,Poland,58,M
958,Cheryl,Indonesia,24,F
959,Amanda,Indonesia,53,F
960,Jeremy,Peru,21,M
961,Howard,Mexico,46,M
962,William,Indonesia,40,M
963,Kathy,Philippines,27,F
964,Laura,Portugal,41,F
965,Kathy,Russia,49,F
966,Susan,Central African Republic,51,F
967,Ruby,Ukraine,46,F
968,Julie,Indonesia,61,F
969,Brandon,Russia,37,M
970,Sarah,China,59,F
971,Michelle,France,26,F
972,Janet,China,40,F
973,Gary,Dominican Republic,41,M
974,Nicholas,China,49,M
975,Diana,Uruguay,28,F
976,Jacqueline,Kenya,37,F
977,Sara,Bulgaria,57,F
978,Henry,Jordan,79,M
979,David,Indonesia,80,M
980,Ronald,China,63,M
981,Joan,Greece,46,F
982,Phillip,Portugal,37,M
983,Kathy,Indonesia,56,F
984,Timothy,Indonesia,61,M
985,Catherine,Indonesia,36,F
986,Stephen,Sweden,40,M
987,Kimberly,Argentina,80,F
988,Terry,China,25,M
989,Patrick,Sweden,42,M
990,Ryan,Iran,40,M
991,Marilyn,Benin,29,F
992,Wayne,Sri Lanka,34,M
993,Brandon,Thailand,74,M
994,Michelle,Indonesia,58,F
995,Pamela,Philippines,42,F
996,Matthew,China,75,M
997,Mildred,Spain,34,F
998,Andrew,Finland,26,M
999,Gerald,Myanmar,29,M
1000,Shawn,Tajikistan,67,M
